CountryID,Country,1990,1991,1992,1993,1994,1995,1996,1997,1998,1999,2000,2001,2002,2003,2004,2005,2006,2007,2008,2009,2010,2011,2012,2013,2014,2015,2016,2017,2018
4,Afghanistan,292,251,240,168,124,179,166,156,148,135,170,168,190,208,226,258,284,383,388,443,551,637,685,670,639,599,572,593,552
8,Albania,653,487,467,532,598,769,1033,718,821,1032,1115,1255,1393,1784,2312,2609,2904,3519,4290,4051,4046,4402,4228,4400,4567,3939,4109,4516,5224
12,Algeria,2397,1764,1817,1840,1500,1459,1600,1616,1592,1585,1761,1751,1784,2103,2610,3113,3479,3951,4924,3883,4481,5456,5592,5500,5493,4178,3946,4044,4115
20,Andorra,23886,24714,25999,20900,20542,23359,24064,23224,23908,24372,21937,22229,24743,32775,38505,41281,43745,48580,47787,43336,39734,41103,38393,40629,42299,36041,37223,39231,42052
24,Angola,1153,1321,1468,1030,1026,476,606,688,561,519,745,705,872,983,1256,1902,2600,3122,4081,3123,3588,4615,5100,5255,5408,4167,3506,4096,3437
660,Anguilla,8496,8508,9050,9702,10634,10515,10827,11809,12976,13426,13327,13454,13387,14147,16445,18398,22452,27609,27124,21308,19938,21470,20305,20195,22060,23148,21978,19281,19891
28,Antigua and Barbuda,7348,7602,7744,8136,8771,8407,9031,9492,9940,10261,10871,10367,10401,10799,11449,12557,13998,15623,16044,14160,13049,12746,13272,12910,13502,14286,15198,15383,16727
32,Argentina,4696,6215,7394,7553,8118,8031,8371,8905,8988,8430,8358,7816,2935,3687,4311,5158,5966,7302,9123,8309,10429,12830,13925,14535,13299,14971,12814,14628,11688
51,Armenia,651,600,364,348,383,426,538,558,649,637,664,741,835,992,1271,1753,2301,3348,4277,3193,3432,3760,3682,3838,3986,3607,3592,3915,4212
533,Aruba,13770,15100,15716,16712,18173,17229,17380,18785,19995,20283,21608,21661,21413,21833,23649,24419,25165,27038,28346,25777,24607,26149,25864,26190,26647,27980,28281,29006,30262
36,Australia,19092,19174,18737,18027,20371,21736,23890,23738,20960,22704,21524,20324,22430,28456,34122,37710,39863,47099,49550,46657,58654,68626,69451,66361,62054,52182,54062,57601,58393
40,Austria,21552,22359,24910,24122,25612,30169,29592,26489,27143,26975,24389,24369,26233,32007,36622,38282,40551,46751,51586,47792,46599,50999,48155,50264,51304,43995,45183,47429,51230
31,Azerbaijan,900,909,709,550,445,396,404,500,557,569,649,696,753,870,1027,1551,2431,3788,5538,4963,5857,7211,7521,7902,7915,5516,3889,4151,4718
44,Bahamas,18607,17951,17601,17178,17791,18433,20644,22037,23514,26130,27098,27486,28867,28327,28396,30278,30714,31472,30627,28552,28444,28006,29486,28768,29445,31406,31589,31828,32218
48,Bahrain,9899,10196,10385,11090,11664,12040,12199,12296,11403,11912,13636,12868,13050,14222,15847,17959,19308,20977,23067,19356,20722,22514,23654,24744,24989,22689,22632,23715,24134
50,Bangladesh,273,285,284,287,299,329,338,343,348,358,356,349,356,383,408,414,497,560,635,700,776,827,854,1005,1120,1245,1395,1538,1671
52,Barbados,7874,7782,7494,7875,8247,8637,9172,9653,10838,11310,11609,11549,11706,12055,12891,14242,15199,16771,17092,15886,16056,16459,16250,16452,16488,16525,16900,17392,17746
112,Belarus,1919,1955,1807,1714,1550,1421,1492,1456,1578,1264,1091,1302,1548,1904,2488,3266,4015,4937,6644,5393,6075,6560,6975,8015,8356,5981,5052,5791,6312
56,Belgium,20520,20968,23297,22208,24113,28276,27350,24717,25253,25173,22973,22923,24812,30461,35167,36557,38410,43963,47802,44320,43968,47453,44760,46767,47649,40942,41927,44156,47293
84,Belize,2394,2507,2667,2833,2880,2996,3002,2953,2992,3066,3364,3404,3526,3650,3802,3883,4154,4252,4404,4187,4271,4423,4506,4569,4706,4776,4818,4888,4885
204,Benin,400,392,428,419,284,397,419,390,410,404,374,379,419,519,583,602,626,706,820,793,758,826,834,911,931,799,789,829,907
60,Bermuda,33017,34089,34465,36498,37754,40301,42557,45766,48615,51389,53532,56338,59968,63487,67796,73474,81031,89180,93714,90431,89510,86171,86007,87712,88552,92487,96164,99437,101208
64,Bhutan,515,436,439,415,488,541,564,646,639,695,743,789,872,991,1100,1262,1366,1799,1874,1865,2313,2625,2599,2532,2724,2830,3013,3391,3524
68,Bolivia,709,762,788,784,801,881,951,999,1049,1003,998,949,904,908,967,1034,1219,1373,1715,1754,1955,2346,2610,2908,3082,3036,3077,3351,3549
70,Bosnia and Herzegovina,1737,1400,1118,890,716,531,751,1038,1161,1283,1518,1583,1834,2316,2766,2981,3417,4193,5091,4715,4635,5092,4779,5132,5330,4727,4995,5395,5951
72,Botswana,2892,2916,2984,2918,2970,3220,3222,3259,3040,3406,3522,3278,3191,4331,5074,5520,5516,5833,5714,5256,6435,7617,7070,7225,7781,6800,7244,7893,8258
76,Brazil,2731,2496,2351,2594,3641,4802,5161,5272,5029,3448,3732,3165,2852,3074,3637,4790,5886,7348,8831,8598,11286,13245,12370,12300,12113,8814,8707,9881,8921
92,British Virgin Islands,6855,8706,10912,14366,18386,23475,26292,30314,34627,38378,42225,44740,42482,37518,38145,42997,44828,46095,43409,36998,36732,34573,35615,35802,37924,40283,43972,46122,48511
96,Brunei Darussalam,15077,15406,16929,16151,15647,17655,18607,18458,14061,15623,19959,18252,18671,20566,24268,28926,34327,36192,42034,30977,35269,47054,47742,44741,41725,31164,27156,28572,31627
100,Bulgaria,2344,958,1092,1391,1262,2267,1483,1378,1847,1690,1656,1788,2085,2709,3378,3886,4505,5861,7235,6958,6783,7774,7365,7626,7851,7032,7520,8300,9388
854,Burkina Faso,400,394,410,381,219,268,283,261,291,300,255,267,293,374,418,458,473,534,641,622,647,750,758,787,792,653,688,738,820
108,Burundi,211,210,191,168,181,167,143,159,144,129,111,102,94,86,95,152,167,172,198,211,234,250,252,257,275,277,279,297,294
132,Cabo Verde,1037,1055,1146,1123,1236,1444,1452,1388,1449,1614,1432,1470,1594,2057,2302,2387,2686,3187,3721,3517,3378,3738,3467,3617,3585,3042,3131,3293,3635
116,Cambodia,189,242,249,244,259,311,319,305,270,296,302,322,339,363,409,474,540,632,746,738,786,882,951,1016,1093,1163,1270,1385,1512
120,Cameroon,1088,1014,1004,1032,582,709,739,688,722,717,648,654,720,877,989,1012,1062,1194,1372,1315,1285,1403,1355,1465,1541,1326,1364,1425,1534
124,Canada,21643,21963,21059,20284,20094,20776,21407,22022,21118,22387,24348,23931,24396,28442,32270,36473,40548,44603,46582,40734,47361,51907,52365,52334,50570,43194,42060,44925,46192
136,Cayman Islands,48428,48216,48838,50138,51856,53127,54428,55849,69123,71065,70967,70099,70826,71431,73249,81399,83320,87892,87638,79624,75461,74409,74494,74708,76207,77518,79566,82440,85474
140,Central African Republic,537,501,499,439,284,362,319,289,291,294,263,262,273,307,336,350,373,418,476,468,464,513,504,352,393,363,399,435,481
148,Chad,307,296,298,252,198,234,253,234,257,216,189,224,251,330,516,662,713,776,927,815,918,1048,1095,1044,1061,828,714,692,736
152,Chile,2630,2957,3515,3673,4139,5222,5413,5836,5523,5017,5108,4605,4469,4800,6198,7599,9465,10502,10751,10209,12808,14637,15352,15843,14671,13574,13748,15037,15923
156,China,335,347,409,508,459,592,690,762,809,854,939,1031,1125,1262,1478,1718,2056,2638,3394,3748,4447,5486,6164,6876,7459,7830,7877,8546,9532
170,Colombia,1703,1710,1795,2038,2640,3000,3095,3340,3033,2614,2496,2417,2374,2260,2756,3404,3731,4703,5462,5195,6327,7324,8043,8213,8114,6176,5871,6375,6650
174,Comoros,1241,1213,1271,1222,837,1016,983,880,871,877,778,820,897,1127,1276,1287,1335,1238,1388,1339,1315,1446,1403,1505,1512,1271,1272,1309,1401
178,Congo,1304,1300,1229,1094,704,815,951,845,680,808,1074,906,952,1070,1381,1753,2153,2263,2892,2291,3200,3742,3923,3852,3991,2284,2010,2148,2703
184,Cook Islands,3990,4296,4378,4832,5691,6052,6151,5742,5102,5545,5576,5826,6638,8958,10302,10443,10736,11929,11981,11588,13093,14948,16622,16217,18057,17183,17682,19741,20705
188,Costa Rica,2328,2239,2595,2828,3016,3246,3199,3375,3579,3653,3773,3945,4025,4130,4385,4656,5201,6072,6859,6760,8142,9122,9913,10490,10547,11299,11666,11753,12027
384,Ivory Coast,997,933,939,840,605,782,828,775,811,783,649,664,717,870,921,931,949,1061,1236,1210,1212,1221,1243,1416,1559,1426,1483,1561,1716
191,Croatia,3482,2851,2589,2765,3730,4856,5183,5263,5670,5251,4894,5258,6100,7903,9488,10367,11540,13793,16142,14420,13818,14457,13151,13576,13546,11701,12260,13225,14674
192,Cuba,2703,2278,2057,2073,2625,2795,2287,2308,2331,2559,2747,2838,2999,3197,3396,3787,4684,5209,5411,5530,5730,6186,6497,6838,7133,7700,8061,8541,8822
531,Curaçao,11285,11793,12335,13142,14157,14690,15523,16215,16622,16736,17343,17764,18102,18684,19151,18018,18504,18989,20095,19737,19782,19950,20224,20075,19937,19718,19387,19239,19219
196,Cyprus,10802,10859,12679,11801,13013,15265,15154,14225,15083,15283,14364,14816,16042,20240,23773,25311,27172,31353,35399,32107,30993,32353,28912,27720,27092,23323,24514,26484,28968
203,Czech Republic,3914,2868,3352,3921,4590,5771,6472,5977,6441,6294,5991,6574,7990,9730,11638,13285,15096,18270,22610,19658,19691,21573,19598,19780,19622,17623,18372,20291,22992
408,North Korea,735,663,593,503,384,222,479,462,456,452,462,476,468,471,473,548,575,597,551,495,571,639,645,668,698,650,667,686,688
180,Congo,428,395,348,437,229,215,214,215,220,191,177,172,175,174,194,218,255,286,328,299,334,387,425,458,487,497,512,462,561
208,Denmark,26891,27008,29568,27587,29966,35356,35707,32881,33392,33441,30734,30756,33248,40486,46527,48779,51960,58396,64274,58129,57967,61616,58306,60939,62320,53206,54823,57467,61834
262,Djibouti,774,768,783,780,821,808,771,743,731,750,761,777,790,820,860,905,967,1053,1196,1321,1480,1703,1964,2313,2466,2676,2818,2931,3049
212,Dominica,2815,2987,3221,3353,3594,3653,3947,4113,4381,4543,4614,4710,4634,4811,5325,5247,5625,6056,6623,7042,6967,7070,6839,7171,7362,7598,8070,7275,7691
214,Dominican Republic,1335,1357,1545,1721,1835,2014,2148,2431,2541,2620,2828,2932,2940,2304,2477,3903,4115,4688,5039,5020,5483,5891,6108,6236,6499,6692,6958,7230,7650
218,Ecuador,1489,1621,1688,1727,2025,2132,2154,2355,2293,1578,1445,1895,2172,2426,2691,3002,3329,3568,4249,4232,4634,5201,5682,6056,6377,6124,6060,6214,6345
818,Egypt,641,683,780,845,925,1055,1163,1257,1316,1361,1390,1293,1210,1017,1068,1251,1402,1689,2070,2317,2593,2734,3200,3063,3328,3437,2861,2023,2538
222,El Salvador,914,983,1073,1217,1381,1585,1685,1779,1886,1931,2002,2072,2124,2209,2278,2429,2632,2786,2933,2858,2983,3266,3428,3510,3589,3706,3800,3902,4058
226,Equatorial Guinea,405,396,453,432,345,433,659,1218,981,1576,2492,3495,4126,5385,7840,11367,12857,15908,22943,16668,17272,21614,21712,20385,19368,11275,9268,9919,10179
232,Eritrea,147,169,194,226,284,290,341,356,367,355,308,317,294,335,408,389,415,440,451,595,668,811,942,1071,1197,1329,1485,1737,1985
233,Estonia,3611,3472,2850,2811,2873,3120,3370,3652,4026,4110,4073,4498,5332,7195,8906,10398,12614,16693,18165,14784,14786,17620,17528,19159,20340,17523,18227,20357,23242
748,Eswatini,1525,1574,1701,1681,1752,2052,1897,2000,1811,1741,1729,1522,1405,2149,2699,3084,3177,3327,3137,3386,4168,4497,4528,4230,4039,3690,3448,3953,4146
231,Ethiopia,234,258,199,139,130,133,140,140,124,114,121,117,110,117,134,159,191,235,309,331,300,338,455,488,552,626,696,722,735
242,Fiji,1838,1885,2062,2172,2388,2571,2695,2679,2100,2442,2106,2067,2290,2873,3377,3628,3716,4040,4168,3363,3653,4372,4592,4840,5606,5391,5651,6101,6267
246,Finland,28310,25456,22306,17590,20266,26213,25722,24634,25955,26124,24230,24886,26805,32765,37604,38944,41098,48330,53495,47261,46439,51065,47704,49878,50261,42799,43758,46280,50136
250,France,21793,21692,23844,22413,23521,26904,26875,24219,24951,24657,22378,22466,24215,29597,33772,34807,36510,41592,45427,41643,40685,43812,40871,42587,43005,36612,36980,38684,41358
258,French Polynesia,17849,18083,19261,18021,18321,20271,19163,17956,18326,17782,15610,15078,15790,19480,21692,22037,22500,25207,26918,24724,22821,23145,21164,22307,22612,19492,19766,20594,21968
266,Gabon,6361,6163,6208,5843,4412,5087,5694,5215,4286,4305,4621,4119,4194,4968,5794,6889,7215,8447,10213,7690,8841,10796,9814,9681,9651,7379,6984,7230,8019
270,Gambia,1231,1156,1155,1183,1134,1157,1211,1112,1128,1060,987,840,684,558,643,666,662,780,925,833,861,763,743,701,607,661,683,680,716
268,Georgia,1641,1344,773,570,533,571,665,784,831,661,737,788,839,991,1276,1602,1945,2568,3249,2749,2987,3702,4057,4246,4368,3716,3771,4052,4397
276,Germany,22411,23511,26658,25753,27279,31867,30708,27174,27505,26958,23871,23867,25372,30583,34408,34873,36725,42091,46014,41997,42020,46310,43562,45984,47684,41089,42178,44349,47514
288,Ghana,894,977,933,786,698,806,842,816,865,870,548,571,646,780,886,1044,1207,1427,1603,1423,1719,2063,2135,2378,1969,1766,1931,2026,2202
300,Greece,9573,10193,11153,10330,10954,12739,13465,13125,13166,13525,11886,12231,13757,17998,21409,22074,24434,28640,32107,30110,27496,26576,22787,22332,22149,18442,18391,19262,20731
304,Greenland,20025,19910,20304,18142,19693,23671,23436,20966,22459,22062,20776,21072,22605,27487,32052,32481,35336,39521,43966,44598,44196,47469,46214,47594,50408,44329,47989,50046,53950
308,Grenada,2451,2566,2596,2565,2661,2774,2954,3163,3460,3709,5057,5041,5214,5683,5742,6644,6659,7213,7832,7291,7258,7291,7444,7789,8370,9097,9628,10153,10486
320,Guatemala,736,884,959,1023,1138,1255,1322,1456,1553,1434,1476,1568,1702,1753,1873,2078,2257,2490,2794,2636,2825,3188,3300,3453,3688,3924,4141,4471,4549
324,Guinea,615,631,662,641,654,724,737,701,624,590,518,484,475,544,563,446,453,660,715,674,672,651,717,769,787,769,733,822,938
624,Guinea-Bissau,625,650,670,686,706,735,482,364,325,345,302,310,325,371,404,436,430,493,598,557,558,703,616,634,622,603,661,739,778
328,Guyana,850,747,796,987,1146,1302,1479,1576,1518,1478,1522,1524,1555,1590,1685,1763,1954,2331,2574,2709,3015,3426,3774,3938,4031,4143,4455,4586,4901
332,Haiti,440,417,288,242,280,348,377,404,460,491,433,408,367,318,405,440,508,650,665,664,674,740,763,806,820,781,701,776,835
340,Honduras,734,718,778,775,738,828,829,931,1009,1012,1093,1133,1134,1159,1218,1308,1430,1583,1739,1790,1904,2088,2144,2103,2206,2302,2343,2450,2500
348,Hungary,3584,3354,3739,3873,4166,4487,4516,4588,4738,4788,4620,5273,6649,8411,10278,11202,11494,13963,15827,13129,13209,14260,12992,13770,14335,12736,13074,14544,16264
352,Iceland,24988,26424,26815,23325,23742,26223,27137,27799,30854,32287,32106,29004,32575,39639,47525,56996,57442,70499,57600,41652,42718,46862,45214,49004,54043,52655,62065,73246,76867
356,India,377,327,323,310,346,386,401,425,421,445,451,456,469,539,622,718,806,1001,1056,1080,1353,1497,1470,1497,1577,1639,1726,1961,2055
360,Indonesia,735,809,863,964,1063,1196,1325,1239,540,785,831,797,958,1135,1225,1345,1693,1980,2307,2408,3122,3643,3694,3624,3492,3332,3563,3837,3893
364,Iran,1710,1822,1866,1997,1888,1861,2015,1852,1768,1822,1701,1829,2230,2278,2756,3246,3774,4905,5717,5710,6658,8073,7983,7054,5731,5012,5347,5714,5783
368,Iraq,1371,467,537,372,289,241,410,435,538,910,1007,1022,978,902,1392,1856,2361,3183,4352,4441,4657,6045,6836,7077,6638,4688,4551,5077,5523
372,Ireland,14061,14171,15862,14795,16023,19271,20963,22686,24427,26448,26394,28404,32742,41275,47776,51107,54855,62411,62286,52575,48778,51724,48826,51684,55864,62655,63999,70617,79415
376,Israel,13238,14689,15874,15382,16876,19043,20279,20604,20342,20105,22257,21575,19633,20223,21180,21829,23057,26136,30780,28855,31852,34923,33773,37834,39413,37578,39333,42851,44215
380,Italy,20622,21730,22991,18526,19120,20546,23000,21825,22383,22098,20176,20519,22223,27345,31119,31871,33272,37621,40714,37071,35972,38463,34855,35590,35742,30306,30918,32334,34389
388,Jamaica,2181,1934,1716,2190,2173,2596,2890,3251,3368,3376,3392,3438,3609,3481,3734,4104,4331,4624,4928,4335,4704,5112,5210,4997,4834,4911,4843,5069,5354
392,Japan,25162,28691,31188,35433,38928,43122,38168,34791,31723,35830,38326,33697,32176,34716,37559,37057,35277,35140,39194,40694,44344,47918,48303,40180,37844,34297,38561,38116,39082
400,Jordan,1139,1127,1351,1348,1429,1482,1479,1510,1617,1637,1669,1738,1821,1896,2066,2206,2539,2764,3386,3473,3652,3772,3824,3946,4042,4092,4103,4160,4238
398,Kazakhstan,1811,1668,1623,1519,1370,1298,1346,1439,1457,1123,1226,1486,1645,2042,2830,3709,5209,6677,8413,7187,9109,11681,12417,13898,12797,10493,7699,9226,9790
404,Kenya,534,487,466,313,387,484,481,509,532,472,453,454,447,493,518,587,686,826,902,905,952,972,1137,1210,1316,1337,1411,1568,1710
296,Kiribati,552,643,643,621,715,720,847,838,805,834,885,760,844,1060,1131,1215,1168,1374,1428,1312,1517,1735,1787,1716,1635,1525,1613,1626,1627
412,Kosovo,2731,2030,1486,1098,1093,2351,1531,1448,1325,922,860,1321,1532,1811,2002,2099,2224,2714,3326,3321,3430,3875,3738,4036,4181,3615,3739,4049,4453
414,Kuwait,8815,5422,10389,13515,14982,16535,19358,17747,14169,15435,18443,16588,17845,22147,27011,35591,42786,45781,55489,37563,38576,48623,51972,49390,44069,29874,27650,29470,34249
417,Kyrgyzstan,596,562,491,422,342,327,395,376,343,257,278,308,322,383,439,485,553,733,978,879,884,1123,1175,1280,1278,1121,1122,1244,1284
418,Lao People's DR,212,245,273,300,340,382,394,360,260,289,339,338,347,392,455,512,617,769,948,985,1170,1377,1581,1826,1998,2135,2309,2424,2542
428,Latvia,3614,3366,2268,2005,2093,2149,2401,2653,2940,3122,3328,3533,4086,5088,6299,7508,9634,14058,16422,12241,11234,13608,13618,14804,15527,13561,14048,15516,17852
422,Lebanon,1052,1491,1864,2436,2751,3261,3776,4263,4578,4538,4340,4276,4474,4512,4628,4574,4632,5217,6134,7371,7757,7704,7987,7926,7714,7650,7631,7830,8224
426,Lesotho,369,402,471,458,459,503,495,529,457,452,432,396,369,547,701,781,818,916,941,938,1196,1391,1329,1245,1279,1197,1111,1233,1248
430,Liberia,287,264,173,126,103,102,114,180,203,228,226,216,227,172,205,219,245,274,305,308,332,383,419,456,471,464,467,456,440
434,Libya,7007,7572,7837,6935,6338,5717,6212,6486,5753,6376,7180,6258,3962,4668,5830,7838,9356,10489,15734,11222,13060,6497,16094,10415,5316,2752,2360,3817,5147
438,Liechtenstein,60991,65119,68796,67082,73804,87281,86704,80535,84880,89917,82786,82139,87771,99380,110894,116560,126511,144509,158442,139442,156167,174913,164808,173058,178853,167294,165630,173358,179258
440,Lithuania,2770,2701,2180,1879,1742,1848,2327,2827,3162,3109,3295,3527,4144,5507,6698,7817,9145,12191,14907,11821,11856,14097,14067,15435,16330,14118,14889,16782,19083
442,Luxembourg,34650,37069,41049,41547,45539,52894,52600,46983,47457,51559,48758,48324,53225,66074,76771,81571,91089,107147,115062,103453,104772,115548,106767,113793,119210,101889,104773,108432,117370
450,Madagascar,311,262,285,309,264,272,334,287,293,283,286,323,304,368,285,319,339,439,536,468,472,531,518,541,531,467,476,515,527
454,Malawi,337,381,339,372,219,251,297,306,305,296,283,271,298,267,283,290,308,332,388,438,479,535,372,334,366,384,309,359,397
458,Malaysia,2442,2653,3113,3433,3728,4336,4798,4645,3264,3493,4044,3913,4166,4462,4952,5587,6209,7244,8475,7292,9041,10399,10817,10970,11319,9955,9818,10254,11373
462,Maldives,1258,1388,1574,1735,1869,2228,2467,2734,2856,3058,3172,3098,3105,3476,3941,3640,4810,5574,6614,6636,7077,7291,7266,7928,8499,9033,9209,9541,10331
466,Mali,323,348,350,336,239,296,320,284,316,323,270,307,335,393,440,489,523,597,691,698,710,837,779,805,850,751,782,831,900
470,Malta,7278,7793,8496,7557,8298,9810,10010,9840,10265,10480,10297,10260,11204,13510,15004,15799,16693,19444,21924,20721,21100,22746,21839,23822,26223,24685,26238,29184,33123
584,Marshall Islands,1676,1720,1866,2015,2172,2405,2214,2107,2159,2142,2187,2241,2386,2380,2437,2539,2630,2752,2764,2753,2986,3105,3290,3377,3238,3159,3426,3578,3667
478,Mauritania,1025,1071,1058,881,909,934,921,873,742,705,632,616,613,703,826,929,1197,1339,1581,1339,1560,1702,1698,1776,1706,1562,1577,1649,1730
480,Mauritius,2590,2742,3151,3142,3383,3786,4093,3835,3782,3858,4109,4035,4206,5024,5651,5544,5723,6605,8062,7338,8016,9207,9309,9662,10183,9284,9694,10486,11222
484,Mexico,3573,4198,4768,5650,5854,3928,4412,5289,5481,6157,7158,7545,7593,7075,7485,8278,9068,9643,10017,8003,9271,10203,10242,10725,10922,9606,8739,9282,9695
583,Micronesia (FS of),1640,1781,1865,1988,2015,2063,2019,1906,2029,2046,2171,2238,2256,2291,2256,2362,2405,2458,2541,2721,2884,3003,3123,2984,2959,2894,3007,3253,3296
492,Monaco,82625,82128,89963,84158,87837,99960,99339,89067,91315,89857,81190,81191,87232,106319,120940,124190,134037,169966,185729,154783,150577,168797,157519,177602,189162,165945,169896,167516,185835
496,Mongolia,785,726,664,654,678,730,691,613,560,519,550,608,663,749,925,1158,1547,1893,2477,1988,2643,3758,4352,4366,4159,3919,3660,3672,4104
499,Montenegro,3491,2849,2400,1325,1364,1958,1410,1369,1394,1361,1616,1908,2107,2802,3403,3697,4405,5941,7316,6677,6630,7258,6531,7128,7321,6465,6973,7739,8772
500,Montserrat,7105,6052,6318,6334,7057,6991,6092,5549,5829,6506,7292,7932,9002,9107,9371,10108,10549,11012,11713,12146,11331,12955,12868,12032,11893,12358,12615,12030,12754
504,Morocco,1222,1294,1299,1203,1340,1435,1571,1414,1496,1467,1351,1361,1442,1758,1987,2054,2239,2536,2933,2909,2882,3092,2956,3168,3219,2919,2941,3083,3273
508,Mozambique,297,268,185,186,184,182,242,282,317,337,310,287,294,317,376,413,432,473,565,522,473,595,658,664,674,590,429,461,499
104,Myanmar,125,127,141,151,164,177,189,201,130,142,156,162,217,206,211,244,281,367,518,655,819,1135,1187,1198,1268,1187,1218,1246,1354
516,Namibia,1944,2027,2258,2070,2285,2422,2372,2416,2210,2165,2136,1906,1769,2561,3397,3674,3974,4356,4153,4265,5325,5754,5931,5694,5624,5033,4786,5646,5930
520,Nauru,5181,4664,4252,3578,3495,3280,3162,2905,2272,2352,2101,1864,1887,2412,2790,2670,2584,2348,4200,5458,5925,8730,11887,11576,12910,10050,11502,12654,11876
524,Nepal,200,179,188,185,206,210,213,230,212,229,239,242,239,258,287,321,345,415,438,474,603,683,664,677,734,770,770,926,991
528,Netherlands,21271,21739,23934,23156,24669,29240,28945,26623,27818,28220,26148,26920,29275,35724,40351,41857,44605,51339,57220,52208,50744,54013,49963,52063,52744,45179,46141,48990,53583
540,New Caledonia,14850,15222,16357,15382,16132,18772,18195,17438,17093,17138,15702,14876,16509,21394,25268,26375,29062,36199,36608,34666,36900,40217,37060,38406,39669,32363,32831,34129,36335
554,New Zealand,13372,12719,12007,12805,14783,17184,18694,18469,15111,15694,14108,13846,15775,20862,25107,27741,26664,32440,31153,28066,33543,38125,39430,42223,43970,38458,40398,43687,43836
558,Nicaragua,852,856,888,926,844,885,906,906,941,970,1005,1037,998,1002,1076,1158,1227,1328,1499,1444,1504,1656,1760,1812,1934,2050,2108,2168,2029
562,Niger,438,402,405,359,215,251,259,231,254,241,203,213,234,278,294,330,344,389,472,454,463,499,520,552,570,483,495,517,571
566,Nigeria,646,610,523,555,470,468,484,494,500,498,568,590,742,795,1008,1268,1656,1883,2243,1891,2292,2520,2747,2998,3223,2730,2176,1969,2154
807,North Macedonia,1459,1463,1377,1494,1796,2373,2333,1957,1872,1909,1854,1816,1961,2409,2763,3038,3326,4036,4793,4544,4543,5064,4698,5211,5468,4840,5129,5431,6063
578,Norway,28204,28545,30479,27932,29282,34814,37221,36504,34663,36273,38060,38463,43010,50077,57525,66680,73952,84956,96887,80008,87754,100697,101623,102917,96924,74195,70239,75221,81336
512,Oman,6377,5923,6209,5963,5947,6193,6755,6962,6216,6915,8601,8476,8627,9066,10126,12377,14420,15838,22140,16824,18713,20877,21873,20866,16984,15345,15761,16991,19073
586,Pakistan,480,505,553,531,556,624,605,591,578,561,540,502,537,594,666,734,831,907,880,920,973,1155,1146,1152,1275,1339,1363,1458,1330
585,Palau,5235,5623,5887,5275,5441,6432,7493,7926,8036,7622,7738,8158,8230,7974,8727,9326,9674,10159,10587,10028,10220,10884,11967,12688,13795,15872,16932,16078,15859
591,Panama,2499,2691,2996,3205,3348,3354,3387,3590,3814,3918,3897,3883,3960,4095,4407,4719,5134,6166,7154,7576,8082,9358,10722,11889,12796,13630,14356,15166,15575
598,Papua New Guinea,1070,1229,1360,1511,1578,1402,1457,1358,1013,903,899,772,751,897,988,1126,1250,1402,1673,1626,1949,2407,2791,2730,2895,2832,2597,2608,2681
600,Paraguay,1426,1649,1659,1726,1925,2186,2318,2298,2006,1812,1725,1537,1480,1514,1815,1941,2330,2977,4041,3625,4360,5323,5183,5927,6103,5407,5319,5681,5795
604,Peru,1319,1525,1562,1480,1873,2196,2233,2306,2163,1925,1956,1942,2022,2146,2417,2730,3155,3607,4223,4197,5082,5869,6529,6757,6679,6228,6205,6701,6947
608,Philippines,793,793,903,905,1041,1177,1286,1249,967,1087,1039,957,1000,1010,1079,1194,1391,1671,1916,1822,2124,2345,2573,2749,2831,2867,2941,2982,3103
616,Poland,1738,2247,2471,2512,2887,3696,4153,4128,4522,4400,4458,4945,5162,5658,6643,7979,8989,11187,13917,11467,12505,13812,13089,13738,14318,12557,12426,13869,15444
620,Portugal,7955,8999,10812,9505,9925,11705,12101,11501,12135,12426,11490,11749,12918,15807,18054,18763,19783,22716,24761,22981,22450,23161,20542,21615,22038,19223,19978,21515,23478
630,Puerto Rico,9119,9531,10123,10687,11380,12122,12786,13491,15052,16027,17054,19121,19821,20768,22054,23105,24084,24755,25953,26800,27482,28190,28718,29239,29663,30571,31780,32952,33271
634,Qatar,15454,14124,15434,14271,14544,15850,17337,21105,18594,21724,29976,28517,30215,34518,42125,51456,59530,65422,80234,59095,67403,82410,85076,85051,83858,63039,57163,61264,68794
410,South Korea,6677,7705,8190,8939,10428,12597,13411,12381,8235,10588,12161,11480,13068,14561,16356,19197,21547,23914,21295,19128,23091,25172,25538,27228,29330,28841,29423,31781,33622
498,Republic of Moldova,1092,929,674,683,483,489,471,540,479,333,368,424,477,570,748,862,987,1279,1767,1593,1707,2063,2137,2331,2335,1903,1985,2382,2791
642,Romania,1728,1306,889,1203,1381,1640,1630,1583,1868,1623,1691,1852,2113,2756,3532,4597,5747,8300,10289,8436,8120,9020,8464,9484,9964,8928,9522,10771,12281
643,Russia,3891,3810,3325,3106,2770,2714,2668,2761,1852,1343,1787,2118,2396,3005,4142,5370,6971,9161,11708,8614,10732,14277,15350,15916,14265,9422,8845,10867,11394
646,Rwanda,334,256,286,296,192,211,221,279,277,242,219,203,199,216,241,292,349,412,510,550,575,638,695,705,723,728,726,763,773
659,Saint Kitts and Nevis,5397,5462,5950,6412,7092,7451,7862,8734,8859,9313,9553,10273,10641,10261,10942,11678,13613,14427,15591,15388,15509,16538,16045,16685,18052,18029,18812,19155,19275
662,Saint Lucia,3369,3574,3921,3878,3994,4204,4415,4437,4803,4993,4991,4666,4654,5020,5471,5724,6860,7640,7568,7429,8044,8238,8152,8359,8744,9262,9452,10040,10566
882,Samoa,708,701,733,730,1208,1185,1325,1435,1339,1360,1362,1404,1540,1864,2216,2486,2562,3636,3683,3332,3722,4060,3995,4006,4062,4066,4224,4221,4250
674,San Marino,34491,35872,37437,32732,34981,39330,44721,41704,44282,46341,41540,43206,46037,57956,67102,69139,72908,82745,90419,76672,68505,64872,56085,57292,55993,42643,43796,45399,48473
678,Sao Tome and Principe,952,838,724,941,965,749,961,644,499,525,509,499,550,641,685,801,832,877,1099,1068,1095,1264,1341,1577,1725,1545,1661,1765,1948
682,Saudi Arabia,7236,7873,7922,7476,7411,7680,8325,8540,7419,8008,9171,8685,8695,9610,11185,13792,15385,16517,20078,16113,19263,23746,25244,24845,24464,20628,19879,20802,23217
686,Senegal,1067,999,1063,930,606,726,735,662,696,727,618,629,671,842,961,1016,1064,1249,1443,1340,1319,1427,1373,1394,1395,1218,1270,1358,1502
688,Serbia,4242,3840,2767,1970,2051,2208,2309,2191,1977,1503,1249,1635,2149,2832,3331,3528,4130,5458,6702,5821,5412,6421,5657,6352,6199,5237,5756,6267,7209
690,Seychelles,6311,6332,7212,7656,7731,8011,7777,8681,9297,9407,9221,9055,9966,9863,9604,10368,11353,11474,10693,9333,10628,11085,11441,14220,14255,14503,14916,15590,16378
694,Sierra Leone,204,243,212,240,286,274,296,265,208,203,188,229,252,266,267,292,323,360,408,391,402,448,566,717,715,592,527,499,536
702,Singapore,12911,14663,16301,18345,21599,24927,26497,26695,22200,21818,23787,21899,22401,23492,27336,29870,33572,39309,40251,38740,46075,52553,54309,55954,56692,54765,55992,58983,62721
534,Sint Maarten,11285,11793,12335,13142,14157,14690,15523,16215,16622,16736,17343,17764,18102,18684,19151,21175,22673,24174,25572,25530,26238,26700,27202,27218,27213,26682,26271,25166,23367
703,Slovakia,3186,2222,2407,2583,2979,3728,4021,4065,4230,3857,3837,3965,4594,6293,7987,9082,10591,14273,17916,16486,16687,18303,17436,18209,18636,16274,16472,17526,19431
705,Slovenia,9063,6603,6533,6627,7542,10724,10814,10448,11142,11426,10208,10504,11820,14908,17292,18148,19715,23857,27461,24764,23570,25114,22636,23461,24150,20804,21527,23388,26005
90,Solomon Islands,667,687,790,833,916,1015,1091,1075,917,947,820,789,629,703,793,914,979,1195,1266,1239,1363,1607,1755,1814,1832,1756,1822,1885,1947
706,Somalia,138,84,80,136,153,150,164,187,234,223,231,142,128,155,196,222,222,224,228,106,91,92,120,135,123,105,101,103,100
710,South Africa,3171,3321,3516,3428,3487,3752,3494,3550,3154,3082,3032,2666,2502,3751,4834,5384,5602,6096,5761,5863,7329,8007,7502,6829,6429,5731,5272,6122,6369
728,South Sudan,493,431,449,452,418,440,279,332,345,329,391,457,512,587,712,914,1144,1461,1767,1307,1576,1759,953,1299,1498,1233,626,698,748
724,Spain,13686,14686,16008,13283,13378,15447,16102,14740,15403,15689,14620,15181,16828,21257,24641,26199,28154,32403,35280,31889,30273,31407,28150,28867,29274,25607,26420,28138,30406
144,Sri Lanka,542,603,642,683,766,838,899,968,1000,988,1019,971,1027,1124,1220,1429,1643,1866,2332,2392,2800,3201,3333,3597,3817,3855,3920,4166,4190
670,St. Vincent and the Grenadines,2179,2328,2555,2610,2662,2890,3049,3218,3481,3620,3676,3988,4273,4448,4810,5071,5626,6307,6416,6232,6293,6242,6390,6640,6685,6921,7075,7213,7361
275,State of Palestine,921,952,1125,1159,1208,1333,1322,1392,1441,1456,1423,1286,1119,1226,1313,1433,1460,1548,1896,2043,2387,2696,2878,3119,3159,3085,3323,3397,3347
729,Sudan,493,431,449,452,418,440,279,332,345,329,391,457,512,587,712,914,1144,1461,1468,1439,1583,1932,1721,1725,2056,2158,2250,3039,1208
740,Suriname,1856,1933,1949,1829,1900,1911,2350,2485,2942,2401,2456,2142,2777,3193,3658,4391,5198,5744,6832,7409,8256,8263,9201,9402,9472,8562,5539,5627,6004
752,Sweden,30313,31534,32462,24147,25832,30034,32707,30036,30315,30687,29424,27087,29744,37119,42558,43121,46198,53255,55802,46721,52750,60501,57732,60786,59868,51577,52434,54574,55767
756,Switzerland,38791,38863,40014,38485,42178,48978,46901,40534,41603,40748,38082,38811,41745,48557,53820,55328,57778,63676,72725,70196,74761,88476,83422,84907,86422,81939,80109,80412,82709
760,Syrian Arab Republic,897,971,1095,1147,888,944,1026,1066,1120,1112,1198,1253,1275,1198,1377,1547,1737,2026,2543,2552,2830,3192,2292,1380,1235,1061,709,771,981
762,Tajikistan,537,505,360,303,240,211,176,154,217,176,138,171,190,238,312,341,409,527,716,676,750,847,969,1055,1119,929,803,806,827
764,Thailand,1564,1769,1999,2209,2491,2847,3044,2468,1846,2033,2008,1893,2096,2359,2660,2894,3370,3973,4380,4213,5076,5492,5861,6168,5952,5840,5979,6578,7274
626,Timor-Leste,275,308,380,426,469,519,598,552,626,430,497,574,553,574,1110,1823,2615,2780,4161,2978,3657,5095,5880,4888,3442,2585,2053,2001,2036
768,Togo,545,526,540,403,306,393,418,413,378,367,302,293,327,396,413,406,408,449,544,538,534,586,572,621,640,570,597,602,655
776,Tonga,1705,2050,2020,1990,2031,2118,2289,2203,1951,2004,1932,1694,1832,2082,2375,2592,2868,2973,3308,3140,3595,4328,4533,4316,4439,3973,4167,4828,4886
780,Trinidad,4161,4330,4410,3690,3970,4261,4592,4567,4803,5402,6453,6958,7072,8832,10321,12360,14140,16585,21260,14555,16702,19085,19157,20144,20271,18290,16177,16238,17130
788,Tunisia,1640,1695,1975,1823,1914,2169,2320,2208,2293,2387,2212,2253,2344,2761,3111,3193,3370,3776,4307,4129,4142,4265,4153,4223,4306,3862,3698,3482,3450
792,Turkey,3847,3791,3929,4384,3124,3985,4204,4330,4496,4108,4316,3120,3660,4718,6040,7384,8036,9712,10854,9039,10672,11336,11708,12520,12096,10949,10820,10512,9368
795,Turkmenistan,834,799,675,682,562,520,555,616,648,864,1092,1480,1887,2424,2587,2983,3371,3796,4382,4036,4439,5650,6675,7304,7962,6478,6388,6585,6965
796,Turks and Caicos Islands,8745,9296,9786,10527,11160,11748,12644,13395,14544,15452,15842,16629,15785,16383,18187,20534,24562,25456,27648,22020,21028,21835,21010,21329,23296,24833,25995,25934,27142
798,Tuvalu,1070,1124,1175,1042,1235,1265,1340,1437,1391,1475,1473,1400,1619,1887,2192,2168,2262,2643,2909,2583,2982,3598,3464,3418,3352,3157,3523,3862,4001
835,U.R. of Tanzania: Mainland,266,291,250,221,220,249,300,344,370,370,380,377,382,401,429,459,492,552,683,692,732,767,860,967,1028,947,965,1003,1044
800,Uganda,249,195,203,203,309,350,344,360,336,310,287,289,295,302,350,403,428,511,598,607,607,642,707,720,754,657,641,661,704
804,Ukraine,1816,1714,1580,1391,1098,990,912,1035,872,664,663,812,916,1093,1424,1903,2401,3208,4075,2644,2970,3577,3867,4048,2959,2026,2088,2522,2957
784,United Arab Emirates,28092,26960,26766,25931,26186,27578,29354,29897,27251,28843,33727,31690,31980,33937,36808,39880,42455,42356,45080,32443,33893,39195,40977,42413,43752,38663,38142,39812,43005
826,United Kingdom,19134,19947,20536,18427,19743,23159,24357,26737,28202,28655,28134,27744,30078,34470,40369,42109,44619,50460,47033,38372,39005,41537,41920,42872,46831,44467,40639,39957,42526
840,United States of America,23652,24193,25372,26427,27788,28811,30086,31568,32935,34574,36393,37180,38069,39536,41777,44193,46395,48075,48479,47171,48516,49882,51576,53049,55001,56797,57938,60044,62918
858,Uruguay,2971,3543,4509,5214,6029,6610,6977,7330,7714,7250,6875,6284,4091,3624,4121,5227,5888,7027,9091,9452,11992,14237,15172,16974,16832,15614,15387,17322,17278
860,Uzbekistan,866,870,772,755,716,710,721,789,749,840,667,441,461,468,550,646,769,975,1274,1431,1645,1960,2173,2305,2519,2646,2601,1851,1555
548,Vanuatu,1170,1355,1373,1373,1465,1621,1650,1631,1460,1462,1433,1347,1363,1581,1788,1887,2050,2399,2706,2650,2967,3265,3133,3124,3088,2802,2890,3082,3037
862,Venezuela,2396,2574,2844,2764,2662,3415,3049,3759,3922,4127,4842,4987,3701,3269,4326,5505,6833,8454,11420,11752,13847,10956,12986,12469,12099,11449,9671,8436,7212
704,Vietnam,95,110,139,182,221,277,324,348,348,363,390,405,430,481,596,687,784,906,1149,1217,1318,1525,1735,1887,2030,2085,2192,2366,2563
887,Yemen,344,340,346,350,349,398,471,488,441,514,624,627,664,714,799,947,1103,1204,1388,1264,1335,1305,1311,1382,1287,1006,911,868,936
894,Zambia,472,409,391,378,412,419,385,448,359,336,346,383,382,435,539,703,1048,1124,1394,1160,1489,1746,1718,1781,1733,1314,1311,1535,1572
836,Zanzibar,201,220,214,202,199,235,295,438,325,314,325,336,337,342,380,408,445,517,623,623,652,666,772,851,931,821,848,944,1024
716,Zimbabwe,1300,1185,957,914,946,970,1167,1189,826,780,734,726,687,646,617,595,580,568,513,772,948,1094,1305,1430,1435,1445,1465,1548,1684